{
    "loss": 13.902202606201172,
    "accuracy": 0.5686274766921997
}