{
    "loss": 1.3160971403121948,
    "accuracy": 0.686274528503418
}