{
    "loss": 16.706663131713867,
    "accuracy": 0.4313725531101227
}